디지털헬스,
,
키워드,RSS 링크
AI Medical,https://www.google.co.kr/alerts/feeds/18326457998461538766/13014376445345209407
AI Medical Research,https://www.google.co.kr/alerts/feeds/18326457998461538766/8744798816557255021
Digital health,https://www.google.co.kr/alerts/feeds/18326457998461538766/11820206743454096975
digital therapeutics,https://www.google.co.kr/alerts/feeds/18326457998461538766/17406051997125751123
AI medical devices,https://www.google.co.kr/alerts/feeds/18326457998461538766/10373506605108435851
virtual therapy,https://www.google.co.kr/alerts/feeds/18326457998461538766/2072337529383132064
Wearable Health,https://www.google.co.kr/alerts/feeds/18326457998461538766/4698420078235331068
