의료서비스 ,
키워드,RSS 링크
Attracting foreign patients,https://www.google.co.kr/alerts/feeds/18326457998461538766/13561308332292748472
Corporate Hospital,https://www.google.co.kr/alerts/feeds/18326457998461538766/16693441824814805775
Health cooperation,https://www.google.co.kr/alerts/feeds/18326457998461538766/1287887581071480978
telemedicine,https://www.google.co.kr/alerts/feeds/18326457998461538766/9055610516680741382
Telemedicine regulations,https://www.google.co.kr/alerts/feeds/18326457998461538766/2928527134966813170
foreign patients,https://www.google.co.kr/alerts/feeds/18326457998461538766/10457698523200751004
medical tourism,https://www.google.co.kr/alerts/feeds/18326457998461538766/7826728468277936331
foreign doctors,https://www.google.co.kr/alerts/feeds/18326457998461538766/7826728468277936981
Foreign medical license,https://www.google.co.kr/alerts/feeds/18326457998461538766/7826728468277937655
Establishing hospitals overseas,https://www.google.co.kr/alerts/feeds/18326457998461538766/3594479743701557419
Medical MOU,https://www.google.co.kr/alerts/feeds/18326457998461538766/2313437686882011229
