의료기기,
,
키워드,RSS 링크
robotic medical devices,https://www.google.co.kr/alerts/feeds/18326457998461538766/13227641381889425281
medical devices,https://www.google.co.kr/alerts/feeds/18326457998461538766/6206917423973395550
robotic medical surgery,https://www.google.co.kr/alerts/feeds/18326457998461538766/7141639275305383942
Medical device approval,https://www.google.co.kr/alerts/feeds/18326457998461538766/7141639275305384670
Medical device FDA approval,https://www.google.co.kr/alerts/feeds/18326457998461538766/7141639275305382961
EU approval of medical devices,없음
Medical Device Regulation,https://www.google.co.kr/alerts/feeds/18326457998461538766/17869874465675685153
