제약,
,
키워드,RSS 링크
FDA approval of medicines,https://www.google.co.kr/alerts/feeds/18326457998461538766/6671054869581734818
European approval of medicines,https://www.google.co.kr/alerts/feeds/18326457998461538766/13227641381889422015
pharma approval,https://www.google.co.kr/alerts/feeds/18326457998461538766/10296632812682810747
New drug development,https://www.google.co.kr/alerts/feeds/18326457998461538766/13810736302959211643
Big Pharma,https://www.google.co.kr/alerts/feeds/18326457998461538766/17738920745123822763
New Pharma research,https://www.google.co.kr/alerts/feeds/18326457998461538766/8670413138782703068
Pharmaceutical regulations,https://www.google.co.kr/alerts/feeds/18326457998461538766/17869874465675685712
